"ID","Epic","Requisito","Tarea","Criterio de hecho","Tipo","Prioridad","Story points","Depende de","Sprint","Fecha fin sprint","Estado","Evidencia","Issue"
"DEC-01","DEC · Decisiones de arquitectura","§25.1-1","Decidir nombre y licencia del proyecto open source","ADR aprobado; LICENSE, NOTICE y package.json actualizados","Decisión","P0","2","","S1","2026-10-09","Hecho","docs/adr/0001-nombre-y-licencia.md (Aceptado: Apache-2.0, marca ""Acceso Nostr""); LICENSE, NOTICE, package.json","https://github.com/sedecim-com/nostr/issues/35"
"DEC-02","DEC · Decisiones de arquitectura","§25.1-2","Decidir fork o Buzz upstream y fijar la versión de F0","ADR aprobado; commit y digest en infra/buzz/PIN","Decisión","P0","2","","S1","2026-10-09","Hecho","docs/adr/0002-subset-y-pin-de-buzz.md (Aceptado: Buzz upstream sin fork, pin 02c6309 por digest)","https://github.com/sedecim-com/nostr/issues/36"
"DEC-03","DEC · Decisiones de arquitectura","§25.1-3","Definir política de pin y actualización de Buzz upstream","Cadencia de sync, criterios de adopción y de rollback documentados","Decisión","P1","1","DEC-02","S1","2026-10-09","Hecho","docs/adr/0003-compatibilidad-con-upstream-buzz.md (Aceptado); ci.yml workflow_dispatch buzz_image","https://github.com/sedecim-com/nostr/issues/37"
"DEC-04","DEC · Decisiones de arquitectura","§25.1-4","Elegir biblioteca Nostr base para Rust y Flutter","ADR con evaluación de TS (noble, decidido), Rust (rust-nostr/MDK) y Flutter","Decisión","P1","2","","S1","2026-10-09","Hecho","docs/adr/0004-bibliotecas-nostr-rust-flutter.md (Aceptado, aplicación diferida hasta que haya app nativa)","https://github.com/sedecim-com/nostr/issues/38"
"DEC-05","DEC · Decisiones de arquitectura","§25.1-5","Definir storage local cifrado por plataforma","ADR: IndexedDB (web), Keychain/Keystore (móvil), archivo cifrado (desktop/CLI)","Decisión","P1","2","","S2","2026-10-23","Hecho","docs/adr/0007-almacenamiento-local-cifrado.md (Aceptado); packages/encrypted-store Vault + IndexedDBBackend + WebCryptoKeyring; profiles localProtection","https://github.com/sedecim-com/nostr/issues/39"
"DEC-06","DEC · Decisiones de arquitectura","§25.1-6","Definir receipt de aplicación y política de read receipts","Formato del rumor (kind definitivo) y opt-in por perfil aprobados; kind provisional 16914 reemplazado","Decisión","P1","1","","S1","2026-10-09","Hecho","docs/adr/0005-receipts-de-aplicacion.md (Aceptado); packages/profiles receiptPolicy(); packages/messaging/src/receipts.ts","https://github.com/sedecim-com/nostr/issues/40"
"DEC-07","DEC · Decisiones de arquitectura","§25.1-7","Ratificar proveedor Marmot y ruta de relay (secure-relay vs parche Buzz)","ADR aprobado; marmot-ts/ts-mls fijados; ruta de relay decidida","Decisión","P1","1","","S1","2026-10-09","Hecho","docs/adr/0006-marmot-proveedor-y-ruta-de-relay.md (Aceptado: secure-relay, sin parche a Buzz)","https://github.com/sedecim-com/nostr/issues/41"
"DEC-08","DEC · Decisiones de arquitectura","§25.1-8","Definir modelo de notificaciones móviles por perfil","Matriz perfil × (push, privacy-push, none) con metadatos expuestos","Decisión","P2","2","","S5","2026-12-04","Hecho","docs/adr/0010-notificaciones-push-por-perfil.md (Aceptado): matriz perfil × modo (push opaco, privacy-push, none) con los metadatos que ve cada parte; packages/profiles/src/notifications.ts","https://github.com/sedecim-com/nostr/issues/42"
"DEC-09","DEC · Decisiones de arquitectura","§25.1-9","Definir región cloud y requisitos legales de la custodia managed","Región, marco legal y retención decididos en un ADR; términos de custodia redactados","Decisión","P1","2","","S3","2026-11-06","Hecho","docs/adr/0009-custodia-managed-region-y-marco-legal.md (us-east-1 según sedecim-com/infrastructure, LFPDPPP, 30 días / 12 meses); borrador docs/legal/custodia-managed.md","https://github.com/sedecim-com/nostr/issues/43"
"DEC-12","DEC · Decisiones de arquitectura","§25.1-9","Aprobación legal de los términos de custodia managed y del aviso de privacidad","Asesoría legal aprueba docs/legal/custodia-managed.md (LFPDPPP) antes de ofrecer la custodia managed en producción","Decisión","P1","1","DEC-09","S3","2026-11-06","Parcial","docs/legal/custodia-managed.md (borrador listo para revisión)","https://github.com/sedecim-com/nostr/issues/44"
"DEC-10","DEC · Decisiones de arquitectura","§25.1-10, §20.3","Formalizar threat models por perfil (convenience, resilient, institutional, sovereign, Tor)","Un documento por perfil con activos, adversarios, mitigaciones y riesgos residuales, versionado por release","Seguridad","P1","3","","S1","2026-10-09","Hecho","docs/threat-models/ (un documento por perfil: activos, adversarios, mitigaciones, riesgos residuales; versión v0.1)","https://github.com/sedecim-com/nostr/issues/45"
"BUZZ-01","BUZZ · Early release sobre Buzz","§6.3","Crear repositorio fork con ramas vendor/upstream y product/main","Fork creado; vendor/upstream = commit fijado; protección de ramas","Infra","P0","1","DEC-02","S1","2026-10-09","Descartado","ADR 0002: sin fork","https://github.com/sedecim-com/nostr/issues/46"
"BUZZ-02","BUZZ · Early release sobre Buzz","§21.2","Revisar obligaciones Apache-2.0 del fork (LICENSE, NOTICE, cambios marcados)","Checklist legal aprobado y NOTICE en el fork","Doc","P1","1","BUZZ-01 DEC-01","S1","2026-10-09","Descartado","ADR 0002: sin fork; la atribución de Buzz está en NOTICE","https://github.com/sedecim-com/nostr/issues/47"
"BUZZ-03","BUZZ · Early release sobre Buzz","§6.3","Build reproducible de la imagen del relay desde el fork","Imagen construida en CI a partir de product/main con digest publicado","Infra","P1","3","BUZZ-01","S1","2026-10-09","Descartado","ADR 0002: se usa la imagen upstream fijada por digest","https://github.com/sedecim-com/nostr/issues/48"
"BUZZ-04","BUZZ · Early release sobre Buzz","§22 F0","Branding del fork (desktop Tauri/React)","Nombre, iconos y textos propios sin tocar el protocolo","Dev","P2","3","BUZZ-01 DEC-01","S2","2026-10-23","Descartado","ADR 0002: el early release usa solo clientes propios","https://github.com/sedecim-com/nostr/issues/49"
"BUZZ-05","BUZZ · Early release sobre Buzz","§6.3","Revisión mensual automática de la imagen upstream de Buzz con el gate","Workflow programado detecta un digest nuevo de ghcr.io/block/buzz, ejecuta stack + gate contra él y abre la PR del pin si pasa (ADR 0003)","Infra","P1","3","OPS-01","S2","2026-10-23","Hecho",".github/workflows/buzz-upstream.yml + scripts/buzz-upstream.sh. Primera ejecución en main (run 36219631189): digest nuevo 8096413eb360, gate verde contra él, rama del pin + issue #21 (Actions aún sin permiso para abrir PRs); PR #23 del pin fusionada. Los flags se regeneran con el pin (PR #22)","https://github.com/sedecim-com/nostr/issues/50"
"BUZZ-06","BUZZ · Early release sobre Buzz","§6.1","Integración progresiva del cliente móvil Flutter de Buzz","Mobile compila contra el relay del fork y pasa smoke test NIP-29","Dev","P3","8","BUZZ-03 DEC-04","S6","2026-12-18","Descartado","ADR 0002: el early release usa solo clientes propios; app nativa diferida (ADR 0004)","https://github.com/sedecim-com/nostr/issues/51"
"OPS-01","OPS · Despliegue y DevSecOps","§4.1","CI: construir todas las imágenes y levantar el stack completo con smoke test","Job que hace docker compose up, espera healthchecks y ejecuta test:interop","Infra","P0","3","","S1","2026-10-09","Hecho",".github/workflows/ci.yml job stack (build, up, scripts/wait-stack.sh, test:interop, interop-flags --check); verde en CI run 36211768822","https://github.com/sedecim-com/nostr/issues/52"
"OPS-02","OPS · Despliegue y DevSecOps","§4.1","Proxy TLS (Caddy) y URLs públicas en el compose de producción","Override compose.tls.yml con certificados automáticos y RELAY_URL wss://","Infra","P1","2","OPS-01","S1","2026-10-09","Hecho","compose.tls.yml + infra/caddy/Caddyfile (Caddy ACME, RELAY_URL wss://relay.$DOMAIN); config y Caddyfile validados en CI; sin despliegue real con dominio aún","https://github.com/sedecim-com/nostr/issues/53"
"OPS-03","OPS · Despliegue y DevSecOps","§4.1","Instalador/configurador de llaves y secretos del stack","scripts/init-env genera también la llave del relay y del owner con el keygen offline","Infra","P2","2","FR003-01","S2","2026-10-23","Hecho","scripts/init-env.sh (idempotente; llaves de relay e indexer con keygen service-key, owner con backup NIP-49); tests/scripts/init-env.test.ts","https://github.com/sedecim-com/nostr/issues/54"
"OPS-04","OPS · Despliegue y DevSecOps","§21.2","SECURITY.md y proceso de disclosure","Documento publicado con canal privado y plazos","Doc","P1","1","","v0.1","2026-09-26","Hecho","SECURITY.md","https://github.com/sedecim-com/nostr/issues/55"
"OPS-05","OPS · Despliegue y DevSecOps","§21.2","Dependabot/Renovate con revisión","Configuración activa para npm, actions y docker","Infra","P2","1","","v0.1","2026-09-26","Hecho",".github/dependabot.yml","https://github.com/sedecim-com/nostr/issues/56"
"OPS-06","OPS · Despliegue y DevSecOps","§17.1","Servicio notification-gateway con perfiles de privacidad","Push opaco sin contenido ni remitente; deshabilitado en perfiles Tor","Dev","P2","5","DEC-08","S5","2026-12-04","Parcial","services/notification-gateway: Web Push (VAPID + RFC 8291, vector del RFC byte a byte), push opaco sin contenido, remitente ni conteo, retardo aleatorio por perfil, rechaza sovereign/Tor y relays .onion; web con suscripción por persona. Falta: Buzz y el secure relay solo entregan kind 1059 a su destinatario, así que con los relays de referencia el gateway no ve los mensajes","https://github.com/sedecim-com/nostr/issues/57"
"OPS-07","OPS · Despliegue y DevSecOps","§17.1","App admin-console (organizaciones, políticas, dispositivos, auditoría)","Consola web autenticada por NIP-98 sobre policy-engine e identity-service","Dev","P2","8","FR023-03","S7","2027-01-15","Hecho","apps/admin-console (build:admin, servida en /admin/ por la imagen web): login NIP-07, NIP-46 o llave local solo en desarrollo; cada petición con NIP-98. Personas, recursos y políticas, dispositivos y passkeys, rotaciones, directorio, retención, auditoría paginada, vínculos de identidad. docs/admin-console.md. E2E tests/browser/admin-console.e2e.ts (68 checks: NIP-98 verificado, CRUD, revocación, passkey con autenticador virtual, axe sin violaciones serias, sin violaciones de CSP)","https://github.com/sedecim-com/nostr/issues/58"
"OPS-08","OPS · Despliegue y DevSecOps","§21.2","Separación de funciones en releases (quién construye vs quién publica)","Entorno de release protegido con aprobadores distintos al autor","Infra","P2","1","","S4","2026-11-20","Parcial",".github/workflows/release.yml: builds con contents: read; publicación solo desde el entorno `release`. Falta configurar en GitHub el entorno con aprobadores y ""Prevent self-review"" y la regla de tags v* (docs/building.md)","https://github.com/sedecim-com/nostr/issues/59"
"OPS-09","OPS · Despliegue y DevSecOps","§21.2","Documentación de build desde source","Guía reproducible para todos los artefactos (servicios, web, keygen)","Doc","P2","2","","S4","2026-11-20","Hecho","docs/building.md (build de servicios, web, keygen HTML/CLI y SBOM; qué es reproducible y cómo comparar con una release); scripts/verify-release.sh","https://github.com/sedecim-com/nostr/issues/60"
"OPS-10","OPS · Despliegue y DevSecOps","Proceso","Backlog vivo en GitHub Issues con sincronización automática a docs/backlog","Cada tarea es un issue (milestone = sprint, labels de prioridad/epic/estado, campos Priority/Effort/fechas, sub-issues del epic y ""blocked by""); un workflow regenera docs/backlog desde los issues y abre la PR de sync","Infra","P2","3","","S4","2026-11-20","Parcial","scripts/backlog-github.mjs, .github/workflows/backlog-sync.yml, .github/ISSUE_TEMPLATE/backlog-task.yml, docs/backlog/GITHUB.md. Sembrado: 164 issues, 11 epics, 10 milestones, 320 relaciones; la sync actualiza la rama backlog-sync. Falta que la organización permita a Actions abrir la PR de sync","https://github.com/sedecim-com/nostr/issues/61"
"PANEL-01","PANEL · Panel de soberanía y privacidad","§9","Modelo de configuración del panel, presets del Apéndice B y validación","profiles con presets, validateConfig y tests","Dev","P1","3","","v0.1","2026-09-26","Hecho","packages/profiles","https://github.com/sedecim-com/nostr/issues/62"
"PANEL-02","PANEL · Panel de soberanía y privacidad","§9","Aplicar la configuración del panel al comportamiento real del cliente web","Red, telemetría, receipts, previews y quorum usan la configuración elegida (hoy solo se muestra)","Dev","P1","5","PANEL-01","S2","2026-10-23","Hecho","apps/web-saas/src/views/PanelView.tsx + vistas (quorum, receipts, previews, adjuntos, bloqueo Tor-only); tests/browser/web-saas.e2e.ts","https://github.com/sedecim-com/nostr/issues/63"
"PANEL-03","PANEL · Panel de soberanía y privacidad","§9","Persistir la configuración del panel por persona","Config cifrada en el store de la persona; se restaura al desbloquear","Dev","P2","2","PANEL-02 FR006-02","S2","2026-10-23","Hecho","config por persona cifrada en el vault (PersonaBook); tests/browser/web-saas.e2e.ts (persiste tras bloquear y desbloquear)","https://github.com/sedecim-com/nostr/issues/64"
"PANEL-04","PANEL · Panel de soberanía y privacidad","§9.1","Indicadores visuales por dimensión respaldados por declaraciones verificables","Cada indicador enlaza a sus disclosures; sin score único","Dev","P3","2","PANEL-02","S3","2026-11-06","Hecho","apps/web-saas/src/views/PanelView.tsx (indicadores por dimensión con las declaraciones y enlaces a cada consecuencia, sin puntuación única); tests/browser/web-saas.e2e.ts","https://github.com/sedecim-com/nostr/issues/65"
"FR001-01","FR · Identidad, llaves y custodia","FR-001","Generar llave con CSPRNG y self-test de derivación + firma BIP-340","selfTestKey verifica derivación, firma y rechazo de manipulación","Dev","P0","2","","v0.1","2026-09-26","Hecho","packages/nostr-core/src/keys.ts","https://github.com/sedecim-com/nostr/issues/66"
"FR001-02","FR · Identidad, llaves y custodia","FR-001","Crear persona local con llave cifrada NIP-49 en su store","createPersona + unlock con test de firma/verificación","Dev","P0","2","FR001-01","v0.1","2026-09-26","Hecho","packages/identity","https://github.com/sedecim-com/nostr/issues/67"
"FR001-03","FR · Identidad, llaves y custodia","FR-001","Flujo ""crear llave local"" en la web SaaS","La web crea la llave en el navegador y la guarda cifrada","Dev","P0","2","FR001-02","v0.1","2026-09-26","Hecho","apps/web-saas/src/session.ts","https://github.com/sedecim-com/nostr/issues/68"
"FR001-04","FR · Identidad, llaves y custodia","FR-001, FR-008","Backend IndexedDB para encrypted-store en navegador","Stores de llave y outbox sobre IndexedDB con tests en Chromium","Dev","P2","3","DEC-05","S2","2026-10-23","Hecho","packages/encrypted-store/src/browser.ts IndexedDBBackend; tests/browser/web-saas.e2e.ts en Chromium","https://github.com/sedecim-com/nostr/issues/69"
"FR001-05","FR · Identidad, llaves y custodia","FR-001","E2E en navegador: la nsec nunca sale del cliente","Test que inspecciona todas las peticiones y WebSocket y no encuentra nsec ni la llave en claro","QA","P1","2","FR001-03","S2","2026-10-23","Hecho","tests/browser/web-saas.e2e.ts: ninguna petición ni frame WebSocket contiene la nsec; IndexedDB solo con registros sellados","https://github.com/sedecim-com/nostr/issues/70"
"FR002-01","FR · Identidad, llaves y custodia","FR-002","Importar nsec/ncryptsec validando la correspondencia pubkey/secret","importPersona rechaza llaves que no coinciden con expectedPubkey","Dev","P0","2","FR001-02","v0.1","2026-09-26","Hecho","packages/identity/test","https://github.com/sedecim-com/nostr/issues/71"
"FR002-02","FR · Identidad, llaves y custodia","FR-002","Registrar persona con signer externo (bunker) o managed","Persona external/managed sin material secreto; se elimina el secret del bunker","Dev","P1","1","FR002-01","v0.1","2026-09-26","Hecho","packages/identity","https://github.com/sedecim-com/nostr/issues/72"
"FR002-03","FR · Identidad, llaves y custodia","FR-002","Importar el backup del key-generator (sedecim-offline-key) en web y CLI","Importar el JSON del generador offline valida npub y crea la persona","Dev","P2","2","FR002-01 FR003-01","S3","2026-11-06","Hecho","packages/identity/src/key-backup.ts (parseKeyBackup/openKeyBackup verifican la npub); web (Importar archivo de backup) y CLI (persona import --backup); tests/browser/web-saas.e2e.ts","https://github.com/sedecim-com/nostr/issues/73"
"FR003-01","FR · Identidad, llaves y custodia","FR-003","Generador CLI offline con todas las primitivas de red bloqueadas","enforceOffline + tests: cero conexiones, backup NIP-49 verificable","Dev","P0","3","FR001-01","v0.1","2026-09-26","Hecho","apps/key-generator","https://github.com/sedecim-com/nostr/issues/74"
"FR003-02","FR · Identidad, llaves y custodia","FR-003","Bundle reproducible con checksum SHA-256","Dos builds producen el mismo hash; checksum publicado en CI","Infra","P1","1","FR003-01","v0.1","2026-09-26","Hecho","apps/key-generator/build.mjs","https://github.com/sedecim-com/nostr/issues/75"
"FR003-03","FR · Identidad, llaves y custodia","FR-003","Exportación QR de npub y ncryptsec sin dependencias de red","Codificador QR embebido; test de ida y vuelta","Dev","P2","3","FR003-01","S3","2026-11-06","Hecho","packages/qr (codificador propio verificado contra vectores ISO y matrices de referencia); keygen --qr; QR de npub y nostrconnect en la web","https://github.com/sedecim-com/nostr/issues/76"
"FR003-04","FR · Identidad, llaves y custodia","FR-003","Plantilla imprimible del backup (HTML local, sin CDN)","Hoja con npub, QR y ncryptsec; sin recursos remotos","Dev","P3","2","FR003-03","S3","2026-11-06","Hecho","apps/key-generator keygen --print (HTML local con CSP estricta, sin recursos remotos, QR inline)","https://github.com/sedecim-com/nostr/issues/77"
"FR003-05","FR · Identidad, llaves y custodia","FR-003","Versión HTML standalone air-gapped del generador (un solo archivo)","Archivo único que funciona abierto desde disco sin red; CSP estricta","Dev","P2","3","FR003-01","S3","2026-11-06","Hecho","apps/key-generator/build-html.mjs → dist/keygen.html + .sha256 (CSP por hash); tests/browser/keygen-html.e2e.ts desde file:// sin red; construido en CI","https://github.com/sedecim-com/nostr/issues/78"
"FR003-06","FR · Identidad, llaves y custodia","FR-003, NFR-010","Firma de las releases del generador","Firma y verificación documentadas (minisign/cosign)","Seguridad","P1","2","FR003-02 NFR010-02","S4","2026-11-20","Parcial","release.yml firma keygen.html, keygen.mjs y SHA256SUMS con cosign keyless (bundle .sigstore.json) + provenance SLSA; verificación en docs/keygen-air-gapped.md y scripts/verify-release.sh. Falta la primera release firmada","https://github.com/sedecim-com/nostr/issues/79"
"FR003-07","FR · Identidad, llaves y custodia","FR-003","Guía de uso air-gapped verificable","Procedimiento paso a paso: verificar checksum y firma, generar, verificar backup","Doc","P2","1","FR003-06","S4","2026-11-20","Parcial","docs/keygen-air-gapped.md (verificar checksum y firma, generar sin red, verificar el backup con la CLI). Pendiente de la primera release firmada para probar el procedimiento de punta a punta","https://github.com/sedecim-com/nostr/issues/80"
"FR004-01","FR · Identidad, llaves y custodia","FR-004","Cliente NIP-46 (Nip46Signer) sin almacenar la nsec","connect/sign/nip44 contra un bunker sobre un relay","Dev","P0","3","","v0.1","2026-09-26","Hecho","packages/signer/src/nip46.ts","https://github.com/sedecim-com/nostr/issues/81"
"FR004-02","FR · Identidad, llaves y custodia","FR-004","Bunker NIP-46 con permisos por kind y auditoría de peticiones","allowedKinds, secreto de conexión, rechazo de clientes no conectados","Dev","P1","3","FR004-01","v0.1","2026-09-26","Hecho","packages/signer/test","https://github.com/sedecim-com/nostr/issues/82"
"FR004-03","FR · Identidad, llaves y custodia","FR-004","Flujo nostrconnect:// iniciado por el cliente (QR)","La web muestra un QR nostrconnect y completa la conexión","Dev","P2","3","FR004-01","S3","2026-11-06","Hecho","packages/signer createNostrConnect/Nip46Signer.fromNostrConnect (la oferta se muestra con la suscripción ya activa); web con QR; tests/browser/web-saas.e2e.ts","https://github.com/sedecim-com/nostr/issues/83"
"FR004-04","FR · Identidad, llaves y custodia","FR-004, §8.3","UI de permisos mínimos visibles al conectar un signer","La web lista los métodos y kinds solicitados antes de conectar","Dev","P1","2","FR004-01","S3","2026-11-06","Hecho","describePermissions + WEB_NIP46_PERMISSIONS (solo los kinds que firma la web), listados antes de conectar; tests/browser/web-saas.e2e.ts","https://github.com/sedecim-com/nostr/issues/84"
"FR004-05","FR · Identidad, llaves y custodia","FR-004","Soporte de auth_url del signer remoto","La UI abre auth_url y espera la respuesta real","Dev","P3","1","FR004-01","S3","2026-11-06","Hecho","Nip46Signer onAuthUrl con ventana de espera ampliada; alerta ""Abrir aprobación"" en la web; packages/signer/test","https://github.com/sedecim-com/nostr/issues/85"
"FR005-01","FR · Identidad, llaves y custodia","FR-005","Servicio managed-signer con vault envelope y logs sin secretos","Tests verifican que logs, uso y archivos no contienen el secreto","Dev","P0","5","","v0.1","2026-09-26","Hecho","services/managed-signer","https://github.com/sedecim-com/nostr/issues/86"
"FR005-02","FR · Identidad, llaves y custodia","FR-005, §8.4","Adaptador real de AWS Secrets Manager + KMS","SecretsManagerVault con el SDK de AWS; tests contra un emulador de AWS (moto) en CI","Dev","P2","3","FR005-01 DEC-09","S3","2026-11-06","Hecho","services/managed-signer SecretsManagerVault (sobre KMS, contexto de cifrado, retención 7..30 días); tests contra moto en CI","https://github.com/sedecim-com/nostr/issues/87"
"FR005-03","FR · Identidad, llaves y custodia","FR-005","Persistir el registro de llaves y el log de uso en Postgres","Sobrevive reinicios (hoy el registro vive en memoria y el vault en disco)","Dev","P0","3","FR005-01","S3","2026-11-06","Hecho","services/managed-signer PgKeyRegistry + migración 001 (registro y log de uso sobreviven reinicios; retención 12 meses); test create → restart → sign","https://github.com/sedecim-com/nostr/issues/88"
"FR005-04","FR · Identidad, llaves y custodia","FR-005","Autorización por usuario final (sesión SaaS firmada), no solo bearer de servicio","x-account-id respaldado por token de sesión verificable; tests de suplantación","Seguridad","P1","3","FR005-03","S3","2026-11-06","Hecho","managed-signer autoriza con el token de Acceso (dueño issuer#sub; x-account-id solo para service tokens); tests de suplantación","https://github.com/sedecim-com/nostr/issues/89"
"FR005-05","FR · Identidad, llaves y custodia","FR-005, §8.4","Tier enclave: firma dentro de Nitro Enclave con KMS condicionado por attestation","Prototipo con attestation verificada; backend general sin llave en claro","Dev","P3","8","FR005-02 DEC-09","S7","2027-01-15","Parcial","Prototipo en services/managed-signer/src/enclave (programa del enclave por vsock, KMS con Recipient/CiphertextForRecipient, verificación de attestation: cadena hasta la raíz AWS Nitro G1 fijada, ES384, PCR0/1/2, frescura, nonce, sin debug), backend MANAGED_SIGNER_BACKEND=enclave que solo recibe firmas, Terraform enclave.tf (KMS condicionado por attestation). Tests contra una PKI de prueba (enclave-attestation.test.ts, enclave-signer.test.ts); docs/managed-enclave.md. Falta: construir la EIF, medir los PCR y ejecutar en una instancia Nitro contra KMS real","https://github.com/sedecim-com/nostr/issues/90"
"FR005-06","FR · Identidad, llaves y custodia","FR-005","Rate limiting y alertas de uso anómalo de firma","Límites por llave/kind y alerta en auditoría","Seguridad","P2","2","FR005-03","S7","2027-01-15","Hecho","Token buckets por llave y por kind en managed-signer (defaults 120/min por llave, 60/min por kind; configurables), 429 con Retry-After, auditoría rate-limited y métricas sin etiquetas identificables; alertas Prometheus (tasa de firma 3x sobre la base, 429 sostenidos, dispositivo revocado insistiendo) con tests promtool (deploy/monitoring/prometheus/rules/managed-signer.rules.yml)","https://github.com/sedecim-com/nostr/issues/91"
"FR005-07","FR · Identidad, llaves y custodia","FR-005, §1","Opt-in explícito de custodia managed en el onboarding web","Confirmación con el disclosure ""la plataforma puede firmar""; nunca por defecto","Dev","P1","2","FR005-04 PANEL-02","S3","2026-11-06","Hecho","apps/web-saas ManagedCustody (opt-in con el disclosure custodial, nunca por defecto; firma con token de Acceso); tests/browser/web-saas.e2e.ts","https://github.com/sedecim-com/nostr/issues/92"
"FR006-01","FR · Identidad, llaves y custodia","FR-006","Gestión de ≥3 personas con stores, relays y signer independientes","IdentityManager + tests con 3 compartimentos","Dev","P0","3","FR001-02","v0.1","2026-09-26","Hecho","packages/identity","https://github.com/sedecim-com/nostr/issues/93"
"FR006-02","FR · Identidad, llaves y custodia","FR-006, §16.1","Selector de persona en la web con banner ""Enviando como…""","Cambiar de persona cambia signer, relays y store; banner siempre visible","Dev","P1","3","FR006-01","S2","2026-10-23","Hecho","apps/web-saas selector de persona + banner ""Enviando como…""; tests/browser/web-saas.e2e.ts","https://github.com/sedecim-com/nostr/issues/94"
"FR006-03","FR · Identidad, llaves y custodia","FR-006, §14.1","Aislamiento de circuitos Tor por persona","Credenciales SOCKS distintas por persona (IsolateSOCKSAuth)","Dev","P1","1","","v0.1","2026-09-26","Hecho","packages/tor-network","https://github.com/sedecim-com/nostr/issues/95"
"FR007-01","FR · Identidad, llaves y custodia","FR-007","Vínculos entre personas con confirmación explícita y auditoría","link() exige confirm:true y registra la auditoría","Dev","P0","2","FR006-01","v0.1","2026-09-26","Hecho","packages/identity","https://github.com/sedecim-com/nostr/issues/96"
"FR007-02","FR · Identidad, llaves y custodia","FR-007","API del identity-service con visibilidad private/selective/public","NIP-98, prueba de control de llave, lectura filtrada por audiencia","Dev","P1","5","","v0.1","2026-09-26","Hecho","services/identity-service","https://github.com/sedecim-com/nostr/issues/97"
"FR007-03","FR · Identidad, llaves y custodia","FR-007, §25","UI de vínculos con advertencia de desanonimización","Diálogo que explica las consecuencias antes de vincular","Dev","P2","2","FR007-02 FR006-02","S3","2026-11-06","Hecho","apps/web-saas LinkPersonas (diálogo de consecuencias antes de enviar; prueba de control de la segunda llave); tests/browser/web-saas.e2e.ts","https://github.com/sedecim-com/nostr/issues/98"
"FR007-04","FR · Identidad, llaves y custodia","FR-007","Publicar opcionalmente un vínculo público como evento Nostr firmado","Formato definido, firmado por ambas personas y verificable","Dev","P3","3","FR007-02","S5","2026-12-04","Hecho","packages/identity/src/public-link.ts (kind 30078 firmado por A con el consentimiento firmado de B; verificable por terceros), docs/public-link.md; web: casilla opcional con advertencia, bloqueada en sovereign/Tor","https://github.com/sedecim-com/nostr/issues/99"
"FR026-01","FR · Identidad, llaves y custodia","FR-026","Migración managed → local con prueba de posesión y política de retención","export → confirm-migration → delete tras la retención; tests","Dev","P1","3","FR005-01","v0.1","2026-09-26","Hecho","services/managed-signer/test","https://github.com/sedecim-com/nostr/issues/100"
"FR026-02","FR · Identidad, llaves y custodia","FR-026","Migración local → managed (importación explícita)","POST /v1/keys/import con ncryptsec","Dev","P2","1","FR005-01","v0.1","2026-09-26","Hecho","services/managed-signer/src/api.ts","https://github.com/sedecim-com/nostr/issues/101"
"FR026-03","FR · Identidad, llaves y custodia","FR-026","UI de migración de custodia en la web con verificación","Asistente paso a paso con verificación de posesión y confirmación del borrado","Dev","P2","3","FR026-01 FR005-04","S3","2026-11-06","Hecho","apps/web-saas MigrationWizard (exportar, verificar npub, firmar reto, pasar a local; borrado explícito con fecha de destrucción); tests/browser/web-saas.e2e.ts","https://github.com/sedecim-com/nostr/issues/102"
"FR027-01","FR · Identidad, llaves y custodia","FR-027","Backup cifrado que restaura la identidad en un dispositivo limpio","exportBackup/restoreBackup con NIP-49 y validación de pubkey","Dev","P0","2","FR001-02","v0.1","2026-09-26","Hecho","packages/identity/test","https://github.com/sedecim-com/nostr/issues/103"
"FR027-02","FR · Identidad, llaves y custodia","FR-027","Incluir en el backup la configuración completa (relays, panel, grupos MLS)","La restauración recupera relays, perfil y estado MLS cifrado","Dev","P2","3","FR027-01 PANEL-03","S3","2026-11-06","Hecho","packages/identity backup v2 (relays, configuración del panel y estado MLS cifrado; restaura v1); CLI backup export/restore; test con grupo MLS real","https://github.com/sedecim-com/nostr/issues/104"
"FR027-03","FR · Identidad, llaves y custodia","FR-027, §12","Vault de backup en la nube: solo ciphertext con clave del usuario","Subida/descarga del backup cifrado; el operador nunca ve la clave","Dev","P2","3","FR027-02","S4","2026-11-20","Hecho","services/identity-service /v1/backups (solo sobres cifrados, rechazo de texto plano, 5 versiones, NIP-98 o token de Acceso), packages/identity/src/backup-vault.ts, web ""Guardar copia cifrada en la nube""/""Restaurar desde la nube""; tests backup-vault.test.ts y web-saas.e2e.ts","https://github.com/sedecim-com/nostr/issues/105"
"FR028-01","FR · Identidad, llaves y custodia","FR-028","Disclosures por opción con consecuencias y supuestos de confianza","disclose/summarize + tests que prohíben afirmaciones absolutas","Dev","P1","2","PANEL-01","v0.1","2026-09-26","Hecho","packages/profiles","https://github.com/sedecim-com/nostr/issues/106"
"FR028-02","FR · Identidad, llaves y custodia","FR-028","Revisión legal/UX de los textos de disclosure","Textos aprobados por legal y UX; versionados","Doc","P2","2","FR028-01 DEC-09","S3","2026-11-06","Parcial","docs/disclosures.md v1.0.0 generado desde packages/profiles, comprobado en CI y ligado a DISCLOSURE_VERSION por test; falta aprobación legal/UX","https://github.com/sedecim-com/nostr/issues/107"
"FR028-03","FR · Identidad, llaves y custodia","FR-028, §2.2","Lint en CI que prohíbe afirmaciones absolutas en toda la UI","assertNoAbsoluteClaims aplicado a todo el copy de la web","QA","P3","1","FR028-01","S3","2026-11-06","Hecho","scripts/lint-claims.ts (npm run lint:claims) en CI sobre todo el copy de web, CLI, keygen y profiles","https://github.com/sedecim-com/nostr/issues/108"
"FR008-01","FR · Mensajería, entrega y resiliencia","FR-008","Persistir el evento firmado en la outbox local antes de transmitir","Test: el relay recibe un evento que ya estaba en el store","Dev","P0","3","","v0.1","2026-09-26","Hecho","packages/delivery-engine","https://github.com/sedecim-com/nostr/issues/109"
"FR009-01","FR · Mensajería, entrega y resiliencia","FR-009","Ledger por relay: intento, hora, resultado, OK, latencia y último error","relayStatus por operación; OK del relay ≠ recepción","Dev","P0","2","FR008-01","v0.1","2026-09-26","Hecho","packages/delivery-engine","https://github.com/sedecim-com/nostr/issues/110"
"FR009-02","FR · Mensajería, entrega y resiliencia","FR-009, §11","Pasar a RECIPIENT_ACKED/READ con los receipts entrantes","Receipts gift-wrapped recibidos actualizan el estado de la operación","Dev","P2","3","DEC-06 FR009-01","S2","2026-10-23","Hecho","DeliveryEngine.applyReceipt; web aplica receipts entrantes; packages/delivery-engine/test, tests/browser/web-saas.e2e.ts (RECIPIENT_ACKED)","https://github.com/sedecim-com/nostr/issues/111"
"FR010-01","FR · Mensajería, entrega y resiliencia","FR-010","Publicación a N relays con quorum configurable","Test 2 de 3 → REPLICATED; rechazos permanentes → FAILED","Dev","P0","2","FR009-01","v0.1","2026-09-26","Hecho","packages/delivery-engine","https://github.com/sedecim-com/nostr/issues/112"
"FR010-02","FR · Mensajería, entrega y resiliencia","FR-010","Selección de relays por destinatario (NIP-65 kind 10002 y kind 10050)","Los DMs se publican en los relays de inbox del destinatario","Dev","P1","3","FR010-01","S2","2026-10-23","Hecho","packages/messaging/src/dm-relays.ts resolveDmRelays + DirectMessenger.send/deliver; packages/messaging/test/dm-routing.test.ts; tests/browser/web-saas.e2e.ts","https://github.com/sedecim-com/nostr/issues/113"
"FR011-01","FR · Mensajería, entrega y resiliencia","FR-011","Reintentos con backoff + jitter reutilizando el mismo event id","Offline → online publica el mismo evento; test de reinicio","Dev","P0","2","FR010-01","v0.1","2026-09-26","Hecho","packages/delivery-engine","https://github.com/sedecim-com/nostr/issues/114"
"FR011-02","FR · Mensajería, entrega y resiliencia","FR-011","Lanzar resume() al recuperar conectividad (eventos online / reconexión del pool)","La web y el CLI reanudan solos la outbox al volver la red","Dev","P2","2","FR011-01","S2","2026-10-23","Hecho","RelayPool.onReconnect + DeliveryEngine.resume idempotente; web (online + reconexión) y CLI; packages/relay-pool/test","https://github.com/sedecim-com/nostr/issues/115"
"FR011-03","FR · Mensajería, entrega y resiliencia","FR-011, NFR-004","Métricas de outbox (profundidad, antigüedad, fallos por relay)","Expuestas al exportador de métricas respetando el perfil","Dev","P3","2","FR011-01 NFR004-01","S5","2026-12-04","Hecho","packages/metrics: profundidad y antigüedad del outbox y fallos por relay y motivo desde delivery-engine, con la política de telemetría del perfil","https://github.com/sedecim-com/nostr/issues/116"
"FR012-01","FR · Mensajería, entrega y resiliencia","FR-012","Deduplicar por event_id entre relays en cliente e indexer","Tests de pool y de event_sources en el indexer","Dev","P0","1","","v0.1","2026-09-26","Hecho","packages/relay-pool, services/indexer","https://github.com/sedecim-com/nostr/issues/117"
"FR013-01","FR · Mensajería, entrega y resiliencia","FR-013","Sync de respaldo por ventanas de tiempo con paginación","FilterWindowSync reconstruye 120 eventos de 2 relays","Dev","P1","2","","v0.1","2026-09-26","Hecho","packages/sync","https://github.com/sedecim-com/nostr/issues/118"
"FR013-02","FR · Mensajería, entrega y resiliencia","FR-013, §12.1","Cliente NIP-77 (Negentropy) con detección y fallback","Reconciliación con un relay NIP-77; fallback automático si no lo soporta","Dev","P2","5","FR013-01","S4","2026-11-20","Hecho","packages/sync/src/negentropy.ts (NIP-77 con detección por NIP-11 o sonda, fallback a REQ por ventanas), test-relay con NIP-77 opcional; tests negentropy.test.ts y sync.test.ts. Sin interop aún contra un relay NIP-77 externo","https://github.com/sedecim-com/nostr/issues/119"
"FR013-03","FR · Mensajería, entrega y resiliencia","FR-013","E2E: reinstalar y reconstruir historial (canales, DMs, outbox) en un dispositivo limpio","Tras restaurar el backup, el cliente recupera historia y estados","QA","P1","3","FR013-01 FR027-01","S4","2026-11-20","Hecho","tests/e2e/reinstall-history.test.ts (backup v2 con outbox → dispositivo limpio → canales, DMs y outbox iguales), packages/sync/src/rebuild.ts, sovereign history sync","https://github.com/sedecim-com/nostr/issues/120"
"FR013-04","FR · Mensajería, entrega y resiliencia","FR-013","Sync de gift wraps con timestamps aleatorios (ventana ampliada)","Test con wraps de hasta 2 días de antigüedad; ningún mensaje perdido","QA","P2","1","FR013-01","S4","2026-11-20","Hecho","packages/sync/test/gift-wrap-window.test.ts (wraps de 0 s a 2 días, ninguno perdido); corregido FilterWindowSync, que ignoraba el since ampliado de dmInboxFilter","https://github.com/sedecim-com/nostr/issues/121"
"FR014-01","FR · Mensajería, entrega y resiliencia","FR-014","Indexer/mirror ciphertext-first sin APIs propietarias de Buzz","Mensaje enviado por otro cliente aparece en el mirror (memoria y Postgres)","Dev","P0","5","","v0.1","2026-09-26","Hecho","services/indexer","https://github.com/sedecim-com/nostr/issues/122"
"FR014-02","FR · Mensajería, entrega y resiliencia","FR-014","Verificar el mirror contra Buzz en el stack Docker completo","test:interop + indexer contra el relay del compose en CI","QA","P0","2","OPS-01","S1","2026-10-09","Hecho","tests/interop/stack.interop.test.ts (mirror sigue a Buzz vía NIP-42 + #h, INDEXER_RELAY_PUBLIC_URL); verde en CI run 36211768822","https://github.com/sedecim-com/nostr/issues/123"
"FR014-03","FR · Mensajería, entrega y resiliencia","FR-014, §15.2","Vistas derivadas: no leídos por canal y búsqueda respetando la política","Endpoints de no leídos y búsqueda solo sobre contenido permitido","Dev","P2","3","FR014-01","S2","2026-10-23","Hecho","services/indexer GET /v1/unread, PUT /v1/read-cursor, GET /v1/search (solo contenido de canal permitido); migración 002; services/indexer/test","https://github.com/sedecim-com/nostr/issues/124"
"FR015-01","FR · Mensajería, entrega y resiliencia","FR-015","La web publica eventos que ven otros clientes del mismo relay","E2E en Chromium: web → relay → otro cliente","QA","P0","2","","v0.1","2026-09-26","Hecho","tests/browser/web-saas.e2e.ts","https://github.com/sedecim-com/nostr/issues/125"
"FR015-02","FR · Mensajería, entrega y resiliencia","FR-015","Descubrimiento de canales (39000) y unión (9021) en la web","Lista de canales visibles y botón de unirse","Dev","P1","3","FR015-01","S2","2026-10-23","Hecho","apps/web-saas/src/views/ChannelsView.tsx (39000, 9021, 9007); tests/browser/web-saas.e2e.ts","https://github.com/sedecim-com/nostr/issues/126"
"FR015-03","FR · Mensajería, entrega y resiliencia","FR-015","E2E de la web contra Buzz real (crear canal, unirse, enviar, leer)","Test en navegador contra el relay del compose","QA","P1","2","FR015-02 OPS-01","S2","2026-10-23","Hecho","tests/browser/web-buzz.e2e.ts (crear, unirse, enviar, leer contra Buzz real; job stack de CI con la web del compose)","https://github.com/sedecim-com/nostr/issues/127"
"FR016-01","FR · Mensajería, entrega y resiliencia","FR-016","NIP-42 challenge/response con auth-required recuperable","Tests de allowlist, restricted: sin autenticar y AUTH sin OK","Dev","P0","3","","v0.1","2026-09-26","Hecho","packages/relay-pool","https://github.com/sedecim-com/nostr/issues/128"
"FR017-01","FR · Mensajería, entrega y resiliencia","FR-017","NIP-17 (NIP-44 + NIP-59) detrás de un feature flag","DirectMessenger lanza FeatureDisabledError si el flag está apagado","Dev","P0","3","","v0.1","2026-09-26","Hecho","packages/messaging","https://github.com/sedecim-com/nostr/issues/129"
"FR017-02","FR · Mensajería, entrega y resiliencia","FR-017","Adaptador explícito de jitter para Buzz, derivado del gate","BUZZ_PINNED_ADAPTER 300 s; evidencia en docs/interop","Dev","P1","1","FR017-01","v0.1","2026-09-26","Hecho","packages/messaging/src/adapters.ts","https://github.com/sedecim-com/nostr/issues/130"
"FR017-03","FR · Mensajería, entrega y resiliencia","FR-017","Activar el flag NIP-17 por entorno a partir de interop-report.json en CI","El despliegue lee enableFlag y recommendedJitterSeconds del gate","Infra","P1","2","FR014-02","S1","2026-10-09","Hecho","scripts/interop-flags.ts → infra/web/flags.json (enableFlag, jitter 300 s); web y CLI lo leen; --check en CI","https://github.com/sedecim-com/nostr/issues/131"
"FR017-04","FR · Mensajería, entrega y resiliencia","FR-017","Publicar y leer la lista de relays DM (kind 10050)","Onboarding publica 10050; el emisor la usa para enrutar","Dev","P2","2","FR010-02","S2","2026-10-23","Hecho","publishDmRelayList (kind 10050) al crear persona y botón en Personas; tests/browser/web-saas.e2e.ts","https://github.com/sedecim-com/nostr/issues/132"
"FR017-05","FR · Mensajería, entrega y resiliencia","FR-017, §25","Seguir el issue upstream #4192 y retirar el adaptador cuando se corrija","Re-ejecutar el gate en cada sync; volver al jitter estándar si pasa","QA","P3","1","BUZZ-05","S4","2026-11-20","Hecho","nip17GateDecision (packages/messaging/src/flags.ts): el gate de cada revisión de Buzz vuelve a 172800 s si #4192 se corrige; la PR del pin lo indica (interop-flags --change-from); tests flags.test.ts; docs/buzz-integration.md","https://github.com/sedecim-com/nostr/issues/133"
"FR018-01","FR · Mensajería, entrega y resiliencia","FR-018","Cliente Blossom: subir, referenciar, descargar y verificar el hash","Tests contra un servidor Blossom de prueba","Dev","P0","3","","v0.1","2026-09-26","Hecho","packages/blossom-client","https://github.com/sedecim-com/nostr/issues/134"
"FR018-02","FR · Mensajería, entrega y resiliencia","FR-018, §13","blob-store agnóstico al contenido para adjuntos cifrados","Servicio en compose con allowlist de pubkeys y tests","Dev","P1","3","FR018-01","v0.1","2026-09-26","Hecho","services/blob-store","https://github.com/sedecim-com/nostr/issues/135"
"FR018-03","FR · Mensajería, entrega y resiliencia","FR-018","Validar la subida de imágenes en claro a Buzz /media con MinIO","Informe del gate con plainImage.accepted = true","QA","P0","1","OPS-01","S1","2026-10-09","Hecho","docs/interop/buzz-02c6309-report.json (plainImage accepted+verified; S3 con SeaweedFS en lugar de MinIO, que ya no publica imágenes); CI run 36211768822","https://github.com/sedecim-com/nostr/issues/136"
"FR018-04","FR · Mensajería, entrega y resiliencia","FR-018, FR-019","Adjuntos en la web (kind 15 en DMs, imágenes en canales)","Subida con saneamiento, cifrado opcional y descarga verificada desde la UI","Dev","P2","5","FR018-02 FR019-01","S2","2026-10-23","Hecho","canal: imagen saneada en Buzz /media con imeta y descarga verificada; DM: kind 15 cifrado en blob-store; tests/browser/web-saas.e2e.ts","https://github.com/sedecim-com/nostr/issues/137"
"FR018-05","FR · Mensajería, entrega y resiliencia","FR-018","Lista de servidores Blossom del usuario (kind 10063)","El cliente publica y respeta la lista de servidores","Dev","P3","2","FR018-01","S5","2026-12-04","Hecho","packages/blossom-client/src/server-list.ts (BUD-03, kind 10063): publicar, leer y usar la lista para subir y descargar; los cifrados nunca van al servidor de media del relay; web: tarjeta ""Servidores de archivos (Blossom)""","https://github.com/sedecim-com/nostr/issues/138"
"FR019-01","FR · Mensajería, entrega y resiliencia","FR-019","Quitar EXIF/XMP/IPTC en JPEG y chunks de texto/tiempo en PNG","Tests de saneamiento y neutralización de nombres de archivo","Dev","P0","2","","v0.1","2026-09-26","Hecho","packages/blossom-client/src/sanitize.ts","https://github.com/sedecim-com/nostr/issues/139"
"FR019-02","FR · Mensajería, entrega y resiliencia","FR-019","Soporte WebP/HEIC o rechazo según el perfil sensible","Saneamiento o rechazo explícito con requireSanitizable","Dev","P2","3","FR019-01","S3","2026-11-06","Hecho","packages/blossom-client sanitize: WebP sin EXIF/XMP/ICC; HEIC/HEIF/AVIF rechazados explícitamente con requireSanitizable","https://github.com/sedecim-com/nostr/issues/140"
"FR020-01","FR · Privacidad y Sovereign Tor","FR-020","NetworkGuard Tor-only que falla cerrado, sin fallback clearnet","Con Tor caído no hay conexiones y el mensaje queda en outbox con el motivo","Dev","P0","3","","v0.1","2026-09-26","Hecho","packages/tor-network","https://github.com/sedecim-com/nostr/issues/141"
"FR020-02","FR · Privacidad y Sovereign Tor","FR-020, §25","Cliente desktop dedicado con Tor embebido","App desktop (Tauri) que usa el SDK con Tor integrado y el perfil sovereign-tor","Dev","P3","8","DEC-04","Diferido","","Pendiente","","https://github.com/sedecim-com/nostr/issues/142"
"FR020-03","FR · Privacidad y Sovereign Tor","FR-020, §20.3","Tests de fugas con captura de red real (netns/pcap): DNS, IPv6, conexiones directas","Suite que prueba cero tráfico fuera de Tor con el cliente soberano real (CLI); la app desktop, cuando exista, reutiliza la suite","Seguridad","P0","5","","S5","2026-12-04","Hecho","scripts/leak-test.sh + tests/leak (netns + tcpdump con el CLI real): cero DNS, DoH, IPv6 y conexiones fuera del proxy SOCKS, con controles negativos que deben detectarse; job leak-tests en CI. Encontró y corrigió una fuga real (NIP-11 de history sync por fetch global)","https://github.com/sedecim-com/nostr/issues/143"
"FR021-01","FR · Privacidad y Sovereign Tor","FR-021","Conexión a relays .onion vía SOCKS5h con aislamiento por persona","Tests con un servidor SOCKS de prueba y un relay .onion","Dev","P0","2","FR020-01","v0.1","2026-09-26","Hecho","apps/sovereign-client/test","https://github.com/sedecim-com/nostr/issues/144"
"FR021-02","FR · Privacidad y Sovereign Tor","FR-021","Validar el perfil tor del compose (onion services de relay y secure-relay)","Arranque real y conexión del CLI a las direcciones .onion generadas","QA","P1","2","OPS-01","S5","2026-12-04","Hecho","scripts/tor-profile-check.sh y job tor-profile en CI: docker compose --profile tor, espera los .onion y el CLI publica y lee en el secure relay y envía un DM NIP-17 por el .onion de Buzz","https://github.com/sedecim-com/nostr/issues/145"
"FR022-01","FR · Privacidad y Sovereign Tor","FR-022","TelemetryPolicy: nivel none bloquea analytics y crash reports","Tests de endpoints bloqueados y emisión nula","Dev","P0","1","","v0.1","2026-09-26","Hecho","packages/telemetry-policy","https://github.com/sedecim-com/nostr/issues/146"
"FR022-02","FR · Privacidad y Sovereign Tor","FR-022, NFR-007","Test en CI de endpoints de salida permitidos por perfil","Allowlist de egress por perfil verificada con el cliente real","QA","P1","3","FR020-03","S5","2026-12-04","Hecho","scripts/leak-test.sh (perfil directo): cada destino capturado está en la allowlist de la persona; control negativo fuera de ella; job leak-tests en CI","https://github.com/sedecim-com/nostr/issues/147"
"SEC-05","FR · Privacidad y Sovereign Tor","§20.3","Tests de fugas por WebRTC y previews remotas en la web","Sin candidatos ICE ni peticiones de previews en perfiles sensibles (la app desktop, cuando exista, reutiliza la suite)","Seguridad","P1","2","","S5","2026-12-04","Hecho","apps/web-saas/src/lib/webrtcGuard.ts (sin RTCPeerConnection en ningún perfil) y tests/browser/web-leaks.e2e.ts: cero peticiones a enlaces, imágenes o adjuntos remotos y cero candidatos ICE en perfiles sensibles, con controles negativos","https://github.com/sedecim-com/nostr/issues/148"
"FR025-01","FR · Grupos high-security (Marmot/MLS)","FR-025","GroupCryptoProvider sobre marmot-ts con estado MLS cifrado","Conformidad: alta, mensaje, expulsión, rotación","Dev","P0","8","","v0.1","2026-09-26","Hecho","packages/marmot-adapter","https://github.com/sedecim-com/nostr/issues/149"
"FR025-02","FR · Grupos high-security (Marmot/MLS)","FR-025","Mitigar ts-mls rc.10 (UpdatePath en un Remove) + autoprueba que falla cerrado","Override a rc.11; assertRemovalSecrecy falla con rc.10","Seguridad","P0","2","FR025-01","v0.1","2026-09-26","Hecho","docs/marmot.md","https://github.com/sedecim-com/nostr/issues/150"
"FR025-03","FR · Grupos high-security (Marmot/MLS)","FR-025","Comandos de grupo en el cliente soberano (también vía Tor)","keypackage/create/invite/accept/send/read/remove/rotate","Dev","P1","3","FR025-01","v0.1","2026-09-26","Hecho","apps/sovereign-client","https://github.com/sedecim-com/nostr/issues/151"
"FR025-04","FR · Grupos high-security (Marmot/MLS)","FR-025","Interoperabilidad verificada con MDK/whitenoise","Grupo mixto marmot-ts ↔ MDK con mensajes en ambos sentidos","QA","P1","5","DEC-07","S6","2026-12-18","Hecho","Grupo mixto marmot-ts ↔ MDK 0.8.0 (mdk-core, crates.io) con mensajes en ambos sentidos: `tests/interop/marmot-mdk.interop.test.ts` + harness Rust `interop/mdk-harness` (job CI `marmot-mdk`, informe `docs/interop/marmot-mdk-0.8.0-report.json`). Adaptador corregido: `not_before` estrictamente pasado y `d` aleatorio de 64 hex por dispositivo. Abierto upstream: MDK ≥0.7 exige `mls_proposals` (SelfRemove) en kind 30443, así que un cliente MDK solo invita a marmot-ts vía kind 443 legado; MDK main (0.10, no publicado) no cubierto (`docs/marmot.md`)","https://github.com/sedecim-com/nostr/issues/152"
"FR025-05","FR · Grupos high-security (Marmot/MLS)","FR-025, §13","MIP-04: media cifrada en grupos","Subida y descarga de media con claves derivadas del exporter MLS","Dev","P2","5","FR025-01 FR018-02","S6","2026-12-18","Hecho","MIP-04 `mip04-v2`: clave del exporter MLS de la época (secreto por época cifrado, 128 retenidos), ChaCha20-Poly1305, tag `imeta`, EXIF eliminado, subida a la lista Blossom kind 10063 o blob-store con verificación de hash (`packages/marmot-adapter/src/media.ts`, `sovereign group send-file/fetch-file`). Tests: `marmot-adapter/test/multidevice.test.ts` (clave igual a la de marmot-ts, manipulación detectada, expulsado no descifra media nueva) y `sovereign-client/test/groups.test.ts`. Pendiente upstream: `encrypted-media-v2`","https://github.com/sedecim-com/nostr/issues/153"
"FR025-06","FR · Grupos high-security (Marmot/MLS)","FR-025","Multi-dispositivo: varios key packages por persona y sincronización del estado","Un usuario con 2 dispositivos participa en el mismo grupo","Dev","P2","5","FR025-01","S6","2026-12-18","Hecho","Una hoja y un key package (`d` propio) por dispositivo; invitar a una persona añade todos sus dispositivos; roster de dispositivos cifrado (kind interno 9443); alta de un dispositivo nuevo por el admin o propuesta del miembro; expulsión de todas las hojas; restaurar un backup entra como hoja nueva (`group rejoin`) y elimina la clonada. `allowMultiDeviceCredentials` relaja la igualdad de credenciales de ts-mls (RFC 9420 solo exige claves únicas). Tests: `marmot-adapter/test/multidevice.test.ts`, `sovereign-client/test/groups.test.ts` (2 y 3 dispositivos de una persona)","https://github.com/sedecim-com/nostr/issues/154"
"FR025-07","FR · Grupos high-security (Marmot/MLS)","FR-025","UI de grupos high-security en la web","Crear, invitar, chatear y expulsar desde la web con estado cifrado","Dev","P2","5","FR025-06 FR001-04","S6","2026-12-18","Hecho","Pestaña ""Grupos seguros"" (`apps/web-saas/src/views/GroupsView.tsx`, `lib/groups.ts`): key package, crear, invitar por npub, aceptar, chatear (kind 445), expulsar y salir; estado MLS e historial solo en la bóveda cifrada por persona; bloqueado por perfil (Tor-only); relays `secureRelays`. E2E `tests/browser/web-groups.e2e.ts` (37 checks: dos navegadores, relay seguro solo ve 445, recarga, expulsión sin fuga, IndexedDB sin texto plano, axe, CSP)","https://github.com/sedecim-com/nostr/issues/155"
"FR025-08","FR · Grupos high-security (Marmot/MLS)","FR-025","Migrar a marmot-ts v2 / ts-mls estable cuando se publiquen","Dependencias fijadas a versiones estables; conformidad y autoprueba en verde","Dev","P2","3","FR025-04","S6","2026-12-18","Parcial","No hay versiones estables: ts-mls sigue en 2.0.0-rc.16 y marmot-ts en 0.5.1. `scripts/marmot-upstream.sh` + `.github/workflows/marmot-upstream.yml` (mensual) abren el issue ""Marmot upstream: versiones estables disponibles"" con la checklist de migración cuando se publiquen ts-mls ≥2.0.0 o marmot-ts ≥1.0.0","https://github.com/sedecim-com/nostr/issues/156"
"FR025-09","FR · Grupos high-security (Marmot/MLS)","FR-025","Flujo de propuestas de miembros no admin y commit por el admin","Un miembro propone y el admin compromete; tests","Dev","P3","3","FR025-01","S6","2026-12-18","Hecho","Miembros no admin proponen (`group propose`), el admin compromete (`group commit`); commits de no admins rechazados localmente y por los demás miembros (commit forjado: época sin cambios); propuestas no admisibles filtradas antes de comprometer; propuestas de una época anterior descartadas. Tests: `marmot-adapter/test/multidevice.test.ts`, `sovereign-client/test/groups.test.ts`","https://github.com/sedecim-com/nostr/issues/157"
"FR025-10","FR · Grupos high-security (Marmot/MLS)","FR-025, DEC-07","Parche en el fork de Buzz para los kinds Marmot (solo si DEC-07 lo aprueba)","El relay acepta 30443/445/10051 sin romper el tratamiento de #h de NIP-29","Dev","P3","5","DEC-07 BUZZ-01","S6","2026-12-18","Descartado","ADR 0006: Marmot vive en el secure-relay; sin fork no hay parche (se reevalúa si upstream acepta los kinds)","https://github.com/sedecim-com/nostr/issues/158"
"FR023-01","FR · Modo institucional","FR-023","Evaluador RBAC/ABAC + device trust, deny por defecto","Tests de rol, atributo, clearance y dispositivo","Dev","P0","3","","v0.1","2026-09-26","Hecho","packages/policy-client","https://github.com/sedecim-com/nostr/issues/159"
"FR023-02","FR · Modo institucional","FR-023","API del policy-engine (sujetos, recursos, dispositivos, evaluate)","Admin por NIP-98 y evaluate por bearer","Dev","P1","3","FR023-01","v0.1","2026-09-26","Hecho","services/policy-engine","https://github.com/sedecim-com/nostr/issues/160"
"FR023-03","FR · Modo institucional","FR-023","Persistencia del policy-engine en Postgres","Sujetos, recursos, dispositivos y auditoría sobreviven reinicios","Dev","P0","3","FR023-02","S7","2027-01-15","Hecho","PolicyRepository con implementación Postgres (migración services/policy-engine/migrations/001_policy.sql, tablas policy_*) y en memoria sin DATABASE_URL; auditoría append-only (triggers rechazan UPDATE/DELETE/TRUNCATE), tokens de sesión como SHA-256. Tests: misma batería en ambos repositorios, reinicio con estado conservado, append-only (services/policy-engine/test/policy-engine.test.ts). DATABASE_URL en docker-compose y deploy/k8s","https://github.com/sedecim-com/nostr/issues/161"
"FR023-04","FR · Modo institucional","FR-023, §16","Sincronizar el allowlist NIP-42 del relay con el policy-engine","Allowlist NIP-42 de Buzz (configuración de la imagen upstream) y del secure-relay actualizado desde /v1/relay/allowlist","Dev","P1","3","FR023-03","S7","2027-01-15","Hecho","Job relay-allowlist (services/policy-engine/src/allowlist-sync*.ts): Buzz con BUZZ_PUBKEY_ALLOWLIST (tabla pubkey_allowlist, solo filas note=policy-engine, sin reinicio, fail-closed) y secure-relay con admisión gRPC nauthz por pubkey autenticada (infra/secure-relay/config.institutional.toml). Perfil compose institutional y componente k8s deploy/k8s/components/institutional. Riesgo documentado: nostr-rs-relay es fail-open si no alcanza el gRPC (docs/institutional.md). Tests: allowlist-sync.test.ts","https://github.com/sedecim-com/nostr/issues/162"
"FR023-05","FR · Modo institucional","FR-023","Aplicar la política en el indexer y las APIs derivadas","Lecturas filtradas por evaluate(); tests de denegación","Dev","P1","3","FR023-03 FR014-03","S7","2027-01-15","Hecho","Indexer con POLICY_ENGINE_URL/TOKEN: NIP-98 obligatorio y evaluate() por recurso (canal h o workspace), error del motor = denegar. Tests de denegación: services/indexer/test/policy.test.ts y tests/e2e/institutional-policy.test.ts","https://github.com/sedecim-com/nostr/issues/163"
"FR023-06","FR · Modo institucional","FR-023, §16","Directorio organizacional (cargos ↔ npubs) opcional","Mapeo gestionado desde admin-console, sin publicar vínculos","Dev","P2","3","FR023-03","S7","2027-01-15","Hecho","Directorio organizacional (GET/PUT/DELETE /v1/directory) solo para admins NIP-98, nunca publicado en relays; gestionado desde la admin-console (OPS-07)","https://github.com/sedecim-com/nostr/issues/164"
"FR023-07","FR · Modo institucional","§16","Device trust con passkeys/attestation","Registro de dispositivos con WebAuthn y nivel attested","Dev","P2","5","FR023-03","S7","2027-01-15","Hecho","Registro WebAuthn de dispositivos (POST /v1/devices/:id/webauthn/options|register) con verificación en servidor (node:crypto, CBOR propio, ES256, formatos packed y none; challenge, origen, rpIdHash, UP) que da trust attested; attested no se puede asignar a mano. WEBAUTHN_REQUIRE_ATTESTATION=true rechaza none. Tests: webauthn.test.ts; flujo de passkey en admin-console.e2e.ts con autenticador virtual","https://github.com/sedecim-com/nostr/issues/165"
"FR023-08","FR · Modo institucional","§16, §12.2","Retención por workspace/canal y legal hold donde el modelo lo permita","Políticas configurables y aviso de que borrar no borra copias replicadas","Dev","P2","5","FR023-03","S7","2027-01-15","Hecho","Retención por recurso (canal o workspace) con legal hold (GET/PUT /v1/retention) y job enforceRetention en el indexer que borra el mirror vencido salvo legal hold; la API devuelve el aviso de que borrar no elimina copias replicadas en otros relays o clientes. Tests: repositorios memoria/Postgres y tests/e2e/institutional-policy.test.ts","https://github.com/sedecim-com/nostr/issues/166"
"FR024-01","FR · Modo institucional","FR-024","Revocar dispositivo: bloquea sesiones y señala rotación de grupos","Tests de sesión invalidada y rotación requerida","Dev","P0","2","FR023-02","v0.1","2026-09-26","Hecho","services/policy-engine/test","https://github.com/sedecim-com/nostr/issues/167"
"FR024-02","FR · Modo institucional","FR-024","Ejecutar la rotación MLS automáticamente al revocar (commit Remove)","La revocación dispara removeMember en los grupos afectados","Dev","P1","3","FR024-01 FR025-01 FR023-03","S7","2027-01-15","Hecho","packages/rotation-worker + sovereign group rotation-worker: lee rotaciones pendientes del policy-engine, hace removeMember (todas las hojas) como admin del grupo y marca done solo tras el commit aceptado (época nueva, pubkey fuera); idempotente, backoff, nunca done si falla. Tests: packages/rotation-worker/test y tests/security/device-loss.test.ts contra la API real del policy-engine","https://github.com/sedecim-com/nostr/issues/168"
"FR024-03","FR · Modo institucional","FR-024","Revocar sesiones NIP-46 y tokens de managed-signer ligados al dispositivo","Tras revocar, el signer rechaza al dispositivo","Dev","P2","2","FR024-01 FR005-04","S7","2027-01-15","Hecho","Managed-signer: sesiones ligadas a dispositivo (POST /v1/device-sessions, solo hash), POST /v1/devices/:id/revoke (tokens MANAGED_SIGNER_REVOCATION_TOKENS) que borra sus sesiones y bloquea nuevas; el worker lo propaga desde la auditoría del policy-engine. Bunker NIP-46: revokeDevice/revokeClient y rotación del secreto. Tests: devices-limits.test.ts, signer.test.ts, device-loss.test.ts","https://github.com/sedecim-com/nostr/issues/169"
"NFR001-01","NFR · Requisitos no funcionales","NFR-001","Infraestructura como código del SaaS (Helm/Terraform)","Despliegue reproducible en un entorno de staging","Infra","P1","8","OPS-02","S4","2026-11-20","Parcial","deploy/k8s (kustomize base + overlay stage, scripts deploy/update/teardown), deploy/terraform/modules/acceso-nostr, deploy/README.md; validado con kustomize, kubeconform y terraform validate. Falta el terraform apply en infrastructure y el despliegue en sedecim-stage","https://github.com/sedecim-com/nostr/issues/170"
"NFR001-02","NFR · Requisitos no funcionales","NFR-001","Monitorización de SLO (99,9 % mensual) y alertas","Dashboard de disponibilidad y alertas por servicio","Infra","P1","3","NFR001-01","S4","2026-11-20","Parcial","deploy/monitoring (blackbox probes, reglas SLO 99,9 % multi-ventana, alertas, dashboard Grafana, tests promtool), docs/slo.md. Falta desplegarlo y definir los receptores de alertas","https://github.com/sedecim-com/nostr/issues/171"
"NFR001-03","NFR · Requisitos no funcionales","NFR-001","Postgres de alta disponibilidad y backups gestionados","Failover probado; backups automáticos","Infra","P2","3","NFR001-01","S7","2027-01-15","Parcial","Terraform rds.tf: PostgreSQL 17 Multi-AZ, backups automáticos 14 días con PITR, cifrado KMS, TLS obligatorio, contraseña gestionada por RDS; componente k8s rds-postgres (TLS verificado) en el overlay stage; scripts/rds-failover-test.sh (dry-run por defecto, tests con aws simulado); runbook docs/runbooks/rds-postgres.md. Falta el terraform apply, migrar los datos y ejecutar el failover en staging","https://github.com/sedecim-com/nostr/issues/172"
"NFR002-01","NFR · Requisitos no funcionales","NFR-002","Cero eventos LOCAL_PERSISTED perdidos tras un reinicio controlado","Test de reinicio con FileBackend atómico + fsync","QA","P0","2","FR008-01","v0.1","2026-09-26","Hecho","packages/delivery-engine/test","https://github.com/sedecim-com/nostr/issues/173"
"NFR002-02","NFR · Requisitos no funcionales","NFR-002","Test de crash con kill -9 durante la escritura","Proceso matado a mitad de escritura; el store sigue consistente","QA","P2","2","NFR002-01","S4","2026-11-20","Hecho","packages/encrypted-store/test/crash.test.ts (30 SIGKILL durante la escritura; cada llave queda con el valor viejo o el nuevo); backend con fsync del directorio y limpieza de temporales","https://github.com/sedecim-com/nostr/issues/174"
"NFR003-01","NFR · Requisitos no funcionales","NFR-003","Definir RPO/RTO por tier","Tabla aprobada por tier (self-hosted, SaaS, institucional)","Doc","P1","1","DEC-09","S4","2026-11-20","Hecho","docs/rpo-rto.md: tabla por tier y componente aprobada el 2026-09-27 (producto, operaciones/SRE y seguridad). SaaS: bases de datos a 24 h / 4 h hasta PITR (NFR001-03), luego 1 h / 1 h; institucional: copia de datos y WAL en otra región, llaves managed solo en us-east-1 (ADR 0009); self-hosted: cron diario de ejemplo en docs/runbooks/restore.md","https://github.com/sedecim-com/nostr/issues/175"
"NFR003-02","NFR · Requisitos no funcionales","NFR-003","Restore drill automatizado (nightly)","Job que restaura en un host limpio y ejecuta test:interop","Infra","P1","5","NFR003-01 OPS-01","S4","2026-11-20","Hecho",".github/workflows/restore-drill.yml (nightly, y en las PR que lo tocan), scripts/backup.sh, scripts/restore.sh, scripts/drill-data.ts; runbook docs/runbooks/restore.md. Primera ejecución en verde: https://github.com/sedecim-com/nostr/actions/runs/36287681879 (stack → datos sembrados → backup → host limpio → restore en 40 s → datos verificados → test:interop), tras corregir SHA256SUMS y los volúmenes sembrados por las imágenes (#212)","https://github.com/sedecim-com/nostr/issues/176"
"NFR004-01","NFR · Requisitos no funcionales","NFR-004","Exportar métricas (latencia P95 de ACK por relay y región)","Exportador Prometheus respetando el perfil de telemetría","Dev","P2","3","","S5","2026-12-04","Hecho","packages/metrics: histograma de latencia de ACK por relay y región en formato Prometheus; nada en sovereign/Tor, relays con hash en minimal, sin pubkeys ni ids; expuesto por el indexer (puerto 9464) con sonda sintética","https://github.com/sedecim-com/nostr/issues/177"
"NFR004-02","NFR · Requisitos no funcionales","NFR-004","Dashboard de latencia y degradación sin ocultarla","Panel P95/P99 por relay con alertas de degradación","Infra","P3","2","NFR004-01 NFR001-02","S5","2026-12-04","Parcial","deploy/monitoring: reglas P95/P99 por relay y región, alertas de degradación absoluta y relativa, outbox y fallos (tests promtool), dashboard Grafana; la web muestra el P95 y un chip ""degradado"". Falta desplegar el monitoreo (NFR001-02)","https://github.com/sedecim-com/nostr/issues/178"
"NFR005-01","NFR · Requisitos no funcionales","NFR-005","Indexer escalable horizontalmente (reparto por relay y upserts idempotentes)","N réplicas sin duplicados ni pérdidas; test de concurrencia","Dev","P3","5","FR014-01","S8","2027-01-29","Hecho","Indexer con shards por relay y por canal (#h) repartidos por rendezvous hashing entre réplicas vivas (heartbeat en indexer_replicas), checkpoints por shard que solo avanzan y takeover con solapamiento (INDEXER_OVERLAP_SECONDS), inserciones idempotentes (ON CONFLICT) y cabeza NIP-01 serializada con pg_advisory_xact_lock (migración 003_sharding.sql), retención reclamada una sola vez (indexer_jobs). Tests: services/indexer/test/sharding.test.ts (3–4 réplicas contra dos relays con caída, alta y baja: exactamente el conjunto publicado, cada id una vez, reemplazables en la última versión; memoria y Postgres). k8s: replicas 2 en stage; compose perfil scale (indexer-2); docs/architecture.md","https://github.com/sedecim-com/nostr/issues/179"
"NFR005-02","NFR · Requisitos no funcionales","NFR-005","Pruebas de carga del relay y el indexer","Informe con throughput y límites","QA","P3","3","NFR005-01","S8","2027-01-29","Parcial","Herramienta de carga scripts/load (clientes NIP-42, ack p50/p95/p99, throughput, entrega, lag del indexer, veredicto por escalón), workflow load-test.yml (stack compose con 1 y 2 réplicas del indexer) y docs/load-testing.md con la línea base local (test relay: ack p95 23–47 ms hasta 200 ev/s, saturación ~165–200 ev/s en 4 vCPU). Falta ejecutar load-test.yml contra Buzz y anotar sus cifras","https://github.com/sedecim-com/nostr/issues/180"
"NFR006-01","NFR · Requisitos no funcionales","NFR-006","Escaneo de secretos que bloquea CI","gitleaks CLI en CI con reglas nsec/ncryptsec","Seguridad","P0","1","","v0.1","2026-09-26","Hecho",".github/workflows/ci.yml","https://github.com/sedecim-com/nostr/issues/181"
"NFR006-02","NFR · Requisitos no funcionales","NFR-006","Redacción de secretos en logs de todos los servicios","createLogger con redacción de secretos; tests","Seguridad","P0","1","","v0.1","2026-09-26","Hecho","packages/telemetry-policy","https://github.com/sedecim-com/nostr/issues/182"
"NFR006-03","NFR · Requisitos no funcionales","NFR-006","Test de integración que analiza los logs de los servicios en busca de secretos","Stack completo en CI; los logs se escanean con las reglas de gitleaks","QA","P2","2","OPS-01","S4","2026-11-20","Hecho","scripts/scan-logs.sh (gitleaks sobre compose.log + canario con los valores de .env) en el job stack de ci.yml; tests scan-logs.test.ts","https://github.com/sedecim-com/nostr/issues/183"
"NFR007-01","NFR · Requisitos no funcionales","NFR-007","Telemetría gobernada por el perfil","TelemetryPolicy aplicada en el cliente soberano","Dev","P1","1","","v0.1","2026-09-26","Hecho","packages/telemetry-policy","https://github.com/sedecim-com/nostr/issues/184"
"NFR008-01","NFR · Requisitos no funcionales","NFR-008","Exportar identidad y configuración en formato abierto","NIP-49 + JSON de backup documentado","Dev","P1","1","","v0.1","2026-09-26","Hecho","packages/identity","https://github.com/sedecim-com/nostr/issues/185"
"NFR008-02","NFR · Requisitos no funcionales","NFR-008","Exportar el historial completo (JSONL de eventos firmados)","Export/import de eventos canónicos entre clientes","Dev","P2","2","FR013-01","S4","2026-11-20","Hecho","packages/sync/src/jsonl.ts (export ordenado y sin duplicados, import con verificación de firmas), sovereign history export/import; verificado con nostr-tools verifyEvent","https://github.com/sedecim-com/nostr/issues/186"
"NFR009-01","NFR · Requisitos no funcionales","NFR-009","Auditoría de accesibilidad automatizada (axe-core) en el E2E de navegador","Cero violaciones serias en la web","QA","P2","2","FR015-01","S2","2026-10-23","Hecho","axe-core en tests/browser/web-saas.e2e.ts: cero violaciones serias/críticas en todas las vistas","https://github.com/sedecim-com/nostr/issues/187"
"NFR009-02","NFR · Requisitos no funcionales","NFR-009","Corregir los hallazgos de accesibilidad y revisión manual con lector de pantalla","Informe de la revisión y correcciones aplicadas","Dev","P2","3","NFR009-01","S3","2026-11-06","Parcial","docs/accessibility-review.md (correcciones automatizables aplicadas, ids duplicados comprobados en tests/browser/web-saas.e2e.ts); falta la revisión manual con NVDA/VoiceOver","https://github.com/sedecim-com/nostr/issues/188"
"NFR010-01","NFR · Requisitos no funcionales","NFR-010","SBOM por release","CycloneDX generado en CI como artefacto","Infra","P1","1","","v0.1","2026-09-26","Hecho",".github/workflows/ci.yml","https://github.com/sedecim-com/nostr/issues/189"
"NFR010-02","NFR · Requisitos no funcionales","NFR-010, §21.2","Firma de releases y provenance (SLSA/cosign)","Imágenes y artefactos firmados; verificación documentada","Seguridad","P1","3","OPS-08","S4","2026-11-20","Parcial",".github/workflows/release.yml: imágenes a GHCR por digest firmadas con cosign keyless, provenance SLSA y SBOM atestados; verificación en scripts/verify-release.sh. Falta la primera release firmada","https://github.com/sedecim-com/nostr/issues/190"
"NFR010-03","NFR · Requisitos no funcionales","NFR-010","Imágenes Docker reproducibles","Dos builds del mismo commit producen el mismo digest","Infra","P2","3","OPS-01","S8","2027-01-29","Hecho","Bases fijadas por digest, paquetes apk con versión exacta en tor (Alpine 3.24, sin /var/log/apk.log), scripts/build-image.sh único (BuildKit fijado, sin caché, SOURCE_DATE_EPOCH, rewrite-timestamp), scripts/image-diff.sh y rebuild-image.sh; reproducible-images.yml construye las 8 imágenes dos veces y compara digests: las 8 idénticas en la PR #215 (run 36338419319); release.yml usa el mismo camino; docs/building.md","https://github.com/sedecim-com/nostr/issues/191"
"SEC-01","SEC/REL · Gates de seguridad y release","§20.3","Revisión criptográfica independiente (NIP-44/49/59, MLS, key service)","Informe externo sin hallazgos críticos abiertos","Seguridad","P0","8","SEC-03 FR025-08 FR005-03","S8","2027-01-29","Parcial","Preparación para la revisión externa: docs/security/audit-scope.md, docs/security/crypto-inventory.md y revisión interna docs/security/internal-review-2026-09.md (22 hallazgos, ninguno crítico; IR-01 mitigado con la exportación del enclave desactivada por defecto), fuzzing de los parsers propios (tests/fuzz), CodeQL y dependency review en CI. Falta el informe externo sin críticos abiertos","https://github.com/sedecim-com/nostr/issues/192"
"SEC-02","SEC/REL · Gates de seguridad y release","§20.3","Pentest de API, relay, key service y cliente","Informe externo; hallazgos críticos y altos corregidos","Seguridad","P0","8","OPS-02 FR005-04 FR023-03","S8","2027-01-29","Parcial","Alcance y reglas de enfrentamiento del pentest en docs/security/audit-scope.md; revisión interna con 11 hallazgos corregidos (scrypt acotado en import, propiedad de blobs, nosniff/CSP en blob-store, comparaciones en tiempo constante, JWKS limitado); abiertos IR-04 (replay NIP-98) e IR-05 (límites de tasa). Falta el pentest externo y el retest de críticos/altos","https://github.com/sedecim-com/nostr/issues/193"
"SEC-03","SEC/REL · Gates de seguridad y release","§20.3","Fuzz/property tests de serialización y criptografía","fast-check sobre eventos, NIP-44, NIP-49, codec MLS y parsers de TLV","Seguridad","P1","3","","S4","2026-11-20","Hecho","tests/fuzz (fast-check: eventos, NIP-44, NIP-49, TLV NIP-19, codec MLS, parsers de backup; diferencial con nostr-tools). Bugs corregidos: nevent con author/kind de longitud inválida, parseKeyBackup, -0/NaN en el codec MLS, bytes sobrantes en decode MLS","https://github.com/sedecim-com/nostr/issues/194"
"SEC-04","SEC/REL · Gates de seguridad y release","§20.3","Pruebas de pérdida de dispositivo de extremo a extremo","Revocar → sin sesión → grupos rotados → el dispositivo robado no lee","QA","P1","3","FR024-02","S7","2027-01-15","Hecho","tests/security/device-loss.test.ts: revocar el teléfono → sesión de política inválida y sin nueva → el worker rota el grupo → el estado MLS robado no lee lo posterior → managed-signer (401/403) y bunker NIP-46 lo rechazan, el portátil sigue funcionando. Límites en docs/marmot.md","https://github.com/sedecim-com/nostr/issues/195"
"REL-01","SEC/REL · Gates de seguridad y release","Apéndice D","Checklist de Definition of Done automatizado en el pipeline de release","El release se bloquea si falta: tests, interop, restore, leak tests, firma, SBOM","Infra","P1","3","SEC-01 SEC-02 NFR010-02 NFR003-02 FR020-03","S8","2027-01-29","Parcial","Job dod en release.yml (scripts/release-gate.mjs): exige ci.yml completo en el commit del tag, restore-drill exitoso en 72 h, SBOM válido, notas de release y registro de auditoría o waiver aprobado por otra persona (docs/security/audits); publish crea el release como borrador y verify lo publica solo si scripts/verify-release.sh pasa; docs/release-checklist.md. Queda Parcial: SEC-01/SEC-02 y NFR010-02 no están hechos y el gate aún no ha corrido en un release real","https://github.com/sedecim-com/nostr/issues/196"
"REL-02","SEC/REL · Gates de seguridad y release","Apéndice D","Release notes con los cambios de trust model por release","Plantilla y primer release notes publicados","Doc","P2","1","REL-01","S8","2027-01-29","Parcial","Plantilla docs/releases/TEMPLATE.md con sección obligatoria ""Cambios en el modelo de confianza"" (verificada por el gate) y notas de v0.1.0 en docs/releases/v0.1.0.md (lint:claims las revisa). Falta publicarlas con el primer release","https://github.com/sedecim-com/nostr/issues/197"
"DEC-11","DEC · Decisiones de arquitectura","§25.1-1","Búsqueda y registro de la marca ""Acceso Nostr""","Búsqueda de anterioridades y solicitud de registro presentada, o marca alternativa decidida","Decisión","P2","1","DEC-01","S8","2027-01-29","Pendiente","","https://github.com/sedecim-com/nostr/issues/198"
